<?xml version="1.0" encoding="UTF-8"?><MD_Metadata xmlns:xlink="http://www.w3.org/1999/xlink" xmlns:srv="http://www.isotc211.org/2005/srv" xmlns:gts="http://www.isotc211.org/2005/gts" xmlns:xalan="http://xml.apache.org/xalan" xmlns:gco="http://www.isotc211.org/2005/gco" xmlns:gml="http://www.opengis.net/gml" xmlns:xsi="http://www.w3.org/2001/XMLSchema-instance" xmlns="http://www.isotc211.org/2005/gmd">
<characterSet>
<MD_CharacterSetCode codeList="http://www.isotc211.org/2005/resources/Codelist/gmxCodelists.xml#MD_CharacterSetCode" codeListValue="utf8" codeSpace="ISOTC211/19115">utf8</MD_CharacterSetCode>
</characterSet>
<hierarchyLevel>
<MD_ScopeCode codeList="http://www.isotc211.org/2005/resources/Codelist/gmxCodelists.xml#MD_ScopeCode" codeListValue="dataset" codeSpace="ISOTC211/19115">dataset</MD_ScopeCode>
</hierarchyLevel>
<hierarchyLevelName>
<gco:CharacterString>dataset</gco:CharacterString>
</hierarchyLevelName>
<contact gco:nilReason="missing"/>
<dateStamp gco:nilReason="missing"/>
<metadataStandardName>
<gco:CharacterString>ISO 19139 Geographic Information - Metadata - Implementation Specification</gco:CharacterString>
</metadataStandardName>
<metadataStandardVersion>
<gco:CharacterString>2007</gco:CharacterString>
</metadataStandardVersion>
<identificationInfo>
<MD_DataIdentification>
<citation>
<CI_Citation>
<title>
<gco:CharacterString>Map2</gco:CharacterString>
</title>
<date gco:nilReason="missing"/>
</CI_Citation>
</citation>
<abstract>
<gco:CharacterString>Quantifying and communicating congestion on highways and local
streets in Texas is challenging.  A clear, replicable, and easily
understandable method is required to help manage, score, and evaluate planned
projects in the Transportation Planning and Programming Division.

This congestion
calculation was performed using a method created by TxDOT referred to as the
‘Car Space’ method. This method differs from other, more traditional methods,
by determining the space between cars in one mile increments.  This method
factors number of lanes, Annual Average Daily Traffic (AADT), and average car
length to calculate the space remaining between vehicles for each 1 mile
segment of roadway during the 26th peak hour. The calculated space between
cars, or lack thereof, is categorized to illustrate levels of
congestion.  


 Congested
     = less than 175' between cars
 Moderately
     Congested = between 175' and 350' between cars
 Not
     Congested = greater than 350' between cars
</gco:CharacterString>
</abstract>
<purpose>
<gco:CharacterString>Forecasted (future) congestion on Texas roadways as identified by TxDOT's "Car Space" analysis model.  Forecast for 2036 based on 2016 data.</gco:CharacterString>
</purpose>
<credit>
<gco:CharacterString>TxDOT – TPP – Data Management TPP-GIS@txdot.gov</gco:CharacterString>
</credit>
<descriptiveKeywords>
<MD_Keywords>
<keyword>
<gco:CharacterString>Texas</gco:CharacterString>
</keyword>
<keyword>
<gco:CharacterString>TxDOT</gco:CharacterString>
</keyword>
<keyword>
<gco:CharacterString>Congestion</gco:CharacterString>
</keyword>
<keyword>
<gco:CharacterString>Traffic</gco:CharacterString>
</keyword>
<keyword>
<gco:CharacterString>AADT</gco:CharacterString>
</keyword>
<keyword>
<gco:CharacterString>Car Space</gco:CharacterString>
</keyword>
<keyword>
<gco:CharacterString>Highway Performance &amp; Reports</gco:CharacterString>
</keyword>
<keyword>
<gco:CharacterString>Future</gco:CharacterString>
</keyword>
</MD_Keywords>
</descriptiveKeywords>
<descriptiveKeywords>
<MD_Keywords>
<keyword>
<gco:CharacterString>Texas</gco:CharacterString>
</keyword>
<keyword>
<gco:CharacterString>TxDOT</gco:CharacterString>
</keyword>
<keyword>
<gco:CharacterString>Congestion</gco:CharacterString>
</keyword>
<keyword>
<gco:CharacterString>Traffic</gco:CharacterString>
</keyword>
<keyword>
<gco:CharacterString>AADT</gco:CharacterString>
</keyword>
<keyword>
<gco:CharacterString>Car Space</gco:CharacterString>
</keyword>
<keyword>
<gco:CharacterString>Highway Performance &amp; Reports</gco:CharacterString>
</keyword>
<keyword>
<gco:CharacterString>Future</gco:CharacterString>
</keyword>
</MD_Keywords>
</descriptiveKeywords>
<descriptiveKeywords>
<MD_Keywords>
<keyword>
<gco:CharacterString>Texas</gco:CharacterString>
</keyword>
<keyword>
<gco:CharacterString>TxDOT</gco:CharacterString>
</keyword>
<keyword>
<gco:CharacterString>Congestion</gco:CharacterString>
</keyword>
<keyword>
<gco:CharacterString>Traffic</gco:CharacterString>
</keyword>
<keyword>
<gco:CharacterString>AADT</gco:CharacterString>
</keyword>
<keyword>
<gco:CharacterString>Car Space</gco:CharacterString>
</keyword>
<keyword>
<gco:CharacterString>Highway Performance &amp; Reports</gco:CharacterString>
</keyword>
<keyword>
<gco:CharacterString>Future</gco:CharacterString>
</keyword>
</MD_Keywords>
</descriptiveKeywords>
<descriptiveKeywords>
<MD_Keywords>
<keyword>
<gco:CharacterString>Texas</gco:CharacterString>
</keyword>
<keyword>
<gco:CharacterString>TxDOT</gco:CharacterString>
</keyword>
<keyword>
<gco:CharacterString>Congestion</gco:CharacterString>
</keyword>
<keyword>
<gco:CharacterString>Traffic</gco:CharacterString>
</keyword>
<keyword>
<gco:CharacterString>AADT</gco:CharacterString>
</keyword>
<keyword>
<gco:CharacterString>Car Space</gco:CharacterString>
</keyword>
<keyword>
<gco:CharacterString>Highway Performance &amp; Reports</gco:CharacterString>
</keyword>
<keyword>
<gco:CharacterString>Future</gco:CharacterString>
</keyword>
</MD_Keywords>
</descriptiveKeywords>
<descriptiveKeywords>
<MD_Keywords>
<keyword>
<gco:CharacterString>Texas</gco:CharacterString>
</keyword>
<keyword>
<gco:CharacterString>TxDOT</gco:CharacterString>
</keyword>
<keyword>
<gco:CharacterString>Congestion</gco:CharacterString>
</keyword>
<keyword>
<gco:CharacterString>Traffic</gco:CharacterString>
</keyword>
<keyword>
<gco:CharacterString>AADT</gco:CharacterString>
</keyword>
<keyword>
<gco:CharacterString>Car Space</gco:CharacterString>
</keyword>
<keyword>
<gco:CharacterString>Highway Performance &amp; Reports</gco:CharacterString>
</keyword>
<keyword>
<gco:CharacterString>Future</gco:CharacterString>
</keyword>
</MD_Keywords>
</descriptiveKeywords>
<descriptiveKeywords>
<MD_Keywords>
<keyword>
<gco:CharacterString>Texas</gco:CharacterString>
</keyword>
<keyword>
<gco:CharacterString>TxDOT</gco:CharacterString>
</keyword>
<keyword>
<gco:CharacterString>Congestion</gco:CharacterString>
</keyword>
<keyword>
<gco:CharacterString>Traffic</gco:CharacterString>
</keyword>
<keyword>
<gco:CharacterString>AADT</gco:CharacterString>
</keyword>
<keyword>
<gco:CharacterString>Car Space</gco:CharacterString>
</keyword>
<keyword>
<gco:CharacterString>Highway Performance &amp; Reports</gco:CharacterString>
</keyword>
<keyword>
<gco:CharacterString>Future</gco:CharacterString>
</keyword>
</MD_Keywords>
</descriptiveKeywords>
<descriptiveKeywords>
<MD_Keywords>
<keyword>
<gco:CharacterString>Texas</gco:CharacterString>
</keyword>
<keyword>
<gco:CharacterString>TxDOT</gco:CharacterString>
</keyword>
<keyword>
<gco:CharacterString>Congestion</gco:CharacterString>
</keyword>
<keyword>
<gco:CharacterString>Traffic</gco:CharacterString>
</keyword>
<keyword>
<gco:CharacterString>AADT</gco:CharacterString>
</keyword>
<keyword>
<gco:CharacterString>Car Space</gco:CharacterString>
</keyword>
<keyword>
<gco:CharacterString>Highway Performance &amp; Reports</gco:CharacterString>
</keyword>
<keyword>
<gco:CharacterString>Future</gco:CharacterString>
</keyword>
</MD_Keywords>
</descriptiveKeywords>
<descriptiveKeywords>
<MD_Keywords>
<keyword>
<gco:CharacterString>Texas</gco:CharacterString>
</keyword>
<keyword>
<gco:CharacterString>TxDOT</gco:CharacterString>
</keyword>
<keyword>
<gco:CharacterString>Congestion</gco:CharacterString>
</keyword>
<keyword>
<gco:CharacterString>Traffic</gco:CharacterString>
</keyword>
<keyword>
<gco:CharacterString>AADT</gco:CharacterString>
</keyword>
<keyword>
<gco:CharacterString>Car Space</gco:CharacterString>
</keyword>
<keyword>
<gco:CharacterString>Highway Performance &amp; Reports</gco:CharacterString>
</keyword>
<keyword>
<gco:CharacterString>Future</gco:CharacterString>
</keyword>
</MD_Keywords>
</descriptiveKeywords>
<resourceConstraints>
<MD_Constraints>
<useLimitation>
<gco:CharacterString>Copyright 2018. Texas Department of Transportation. This data
was produced for internal use within the Texas Department of Transportation and
made available to the public for informational purposes only. Accuracy is
limited to the validity of available data as of the date published.</gco:CharacterString>
</useLimitation>
</MD_Constraints>
</resourceConstraints>
<language gco:nilReason="missing"/>
<characterSet>
<MD_CharacterSetCode codeList="http://www.isotc211.org/2005/resources/Codelist/gmxCodelists.xml#MD_CharacterSetCode" codeListValue="utf8" codeSpace="ISOTC211/19115">utf8</MD_CharacterSetCode>
</characterSet>
</MD_DataIdentification>
</identificationInfo>
</MD_Metadata>
